
INSERT INTO persons (birth_date, id, name) VALUES
	('1969-01-14', '68c2d584-638b-4560-8433-874288000001', 'Dave Grohl'),
	('1967-02-20', 'f1d3f0b1-612d-43fb-beea-1eae28e7409f', 'Kurt Cobain'),
	('1965-05-16', 'e66fd66b-270c-402c-ba51-ebf3025d4d73', 'Krist Novoselic'),
	('1972-02-17', '179322c3-55bd-41af-9fb8-a39873dc62a8', 'Taylor Hawkins'),
	('1973-05-17', 'e4ba74f9-f996-40b8-955e-6e8707db565f', 'Josh Homme'),
	('1947-03-25', 'd6a8c688-ae24-42b4-a7ac-22de367ceb7c', 'Elton John'),
	('1962-02-06', 'db772e1b-6a02-48bb-887d-3beee256825a', 'Axl Rose'),
	('1965-07-23', '8ca0ab43-1b98-43e3-83b4-63f1aa6062df', 'Slash'),
	('1964-02-05', '2926b999-0170-4a58-9859-56e5904754fe', 'Duff McKagan'),
	('1965-01-22', 'eeffdf7c-73b3-4690-8e9b-680908744714', 'Steven Adler'),
	('1960-11-19', '6706219e-c75e-4b5e-bd3b-8d3200181805', 'Matt Sorum'),
	('1969-05-13', 'a2522027-1055-4fad-8ae9-4fdf88b697b7', 'Buckethead'),
	('1960-09-02', '68c2d584-638b-4560-8433-874288000002', 'Arnaldo Antunes'),
	('1967-07-01', 'b2352660-a859-46af-aff5-58ad58bd4348', 'Marisa Monte'),
	('1962-11-23', '846d7c25-1637-457a-96bf-a94cfa0d3516', 'Carlinhos Brown'),
	('1969-08-04', 'ed5ef17c-c067-4c55-aa2c-ae2426abd1f5', 'Max Cavalera'),
	('1968-08-24', '17eac014-1a1b-4e5d-b28b-dd02e7d92d49', 'Andreas Kisser'),
	('1959-09-18', '859352fa-39b0-4780-9491-280dea7db0e1', 'Sérgio Britto'),
	('1947-12-31', '68c2d584-638b-4560-8433-874288000003', 'Rita Lee'),
	('1948-07-06', '97fa677e-5991-4682-8de9-61a959a34790', 'Arnaldo Baptista'),
	('1950-12-01', '5bd617ae-f22a-499d-9233-a845c225e2f9', 'Sérgio Dias'),
	('1952-11-16', '83ad0c2c-542c-4838-b047-bcb0fefa532e', 'Roberto de Carvalho'),
	('1945-03-17', '4e272441-c92b-43ef-a03c-58c9084f2e28', 'Elis Regina'),
	('1942-08-07', '4a2f8e58-677b-4245-9e34-d704786497ac', 'Caetano Veloso'),
	('1963-01-12', '68c2d584-638b-4560-8433-874288000004', 'Nando Reis'),
	('1962-12-10', '68c2d584-638b-4560-8433-874288000005', 'Cássia Eller'),
	('1966-07-15', '8fa57430-cbb3-4a16-be69-6b9a63d8b815', 'Samuel Rosa'),
	('1958-04-04', '308115b5-0e30-4de8-b586-6cf7894125a1', 'Cazuza'),
	('1962-05-21', '1d171422-78ea-4355-ab51-dc3cdfe5ed97', 'Frejat'),
	('1960-03-27', '416514d6-11e8-48c7-b65b-10644d6e7eab', 'Renato Russo'),
	('1963-07-25', '68c2d584-638b-4560-8433-874288000006', 'Leonardo'),
	('1961-08-15', 'ad002d24-6265-4b2b-91bc-7aa29ffe9f0a', 'Leandro'),
	('1979-12-13', '5c76ed4e-61d2-4df9-8f61-af803ce0ff86', 'Eduardo Costa'),
	('1989-09-03', 'bfb59307-f9dd-4082-8ec0-789295daa812', 'Gusttavo Lima'),
	('1963-12-24', '68c2d584-638b-4560-8433-874288000007', 'Humberto Gessinger'),
	('1963-12-16', '9c5f2454-2ff2-447a-ab4a-405fa96a4e24', 'Carlos Stein'),
	('1962-10-24', 'f8fb00e0-7d6b-4e0d-ab71-f7d564900635', 'Carlos Maltz'),
	('1956-05-28', 'd6f5b324-6d22-4f57-a1be-294b8580b166', 'Augusto Licks'),
	('1970-04-05', '5f3c74b1-9a0a-4608-9796-2dbd6b53bc03', 'Duca Leindecker'),
	('1992-01-01', '0000d145-e41c-4a27-9a5b-da85308e45a1', 'Clara Gessinger'),
	('1949-01-27', '019c303f-ef62-7dda-a950-0713fe40306c', 'Djavan Caetano Viana');



INSERT INTO artist_profiles (id, artist_type, stage_name, biography) VALUES
	('3e518d33-84b7-4d0d-aebb-23ccf9111bd9', 'BAND', 'Nirvana', 'Grunge Legends'),
	('13891abb-0e2b-46c9-911a-75ae2c2b276e', 'BAND', 'Foo Fighters', 'Rock Heroes'),
	('d5390a62-ca46-4c8b-8303-efef331f8f23', 'BAND', 'Queens of the Stone Age', 'Stoner Rock'),
	('0954de9b-d588-4eca-aba0-cc037148bccc', 'BAND', 'Guns N'' Roses', 'Hard Rock Icons'),
	('e4e298ea-1dec-469a-86a4-3ded0c72d6d3', 'BAND', 'Titãs', 'Rock Nacional'),
	('068bc181-e2e4-417e-8ac9-4aa8a30b5888', 'BAND', 'Tribalistas', 'MPB Supergroup'),
	('4b037632-9606-466a-a6af-80dfe277a2f8', 'BAND', 'Sepultura', 'Brazilian Metal'),
	('7655740b-ada7-4ef3-a6b5-f715563dbb7c', 'BAND', 'Os Mutantes', 'Tropicália'),
	('eedadb2c-f70b-4dfe-beaa-36a779101b55', 'SOLO', 'Rita Lee', 'A Rainha do Rock'),
	('235cd710-c26c-4c89-bdeb-d45350b6d057', 'SOLO', 'Nando Reis', 'Ruivão'),
	('9d179bee-c425-40af-a00e-999e82946009', 'SOLO', 'Cássia Eller', 'A Voz'),
	('c376453b-02b6-40c5-8e09-491943bc1958', 'BAND', 'Skank', 'Pop Rock Mineiro'),
	('dcaeed03-d04b-4f2f-ad07-b6cfa64a7dd6', 'DUO', 'Leandro & Leonardo', 'Sertanejo Clássico'),
	('6a803a0f-e577-4bba-933d-3efdecccfc6f', 'SOLO', 'Leonardo', 'O Cantor'),
	('5aca755c-b3bb-41df-913f-0032f9651293', 'DUO', 'Cabaré', 'Sertanejo Brega'),
	('540979b4-3520-4f4b-9091-f4b52cc145d1', 'BAND', 'Engenheiros do Hawaii', 'Rock Gaúcho'),
	('f0b31069-5bf9-4909-8eb1-cb588aa6bf20', 'DUO', 'Pouca Vogal', 'Duo Gessinger'),
	('f5c95d50-70e1-4a27-9677-660ee72159ba', 'BAND', 'Nenhum de Nós', 'Pop Rock'),
	('38286861-ef75-43e8-bee8-fa50a76f11dc', 'SOLO', 'Humberto Gessinger', 'Solo Gessinger'),
	('019c3043-29df-7ead-bdb8-f38263417ca8', 'SOLO', 'Djavan', 'Um dos maiores ícones da MPB, conhecido por suas harmonias complexas.');


INSERT INTO lineups (end_date, start_date, artist_profile_id, id, label) VALUES
	(NULL, '1973-01-01', 'eedadb2c-f70b-4dfe-beaa-36a779101b55', 'd51fdbbb-c632-4336-8355-5e46060fae85', 'Som Livre'),
	(NULL, '2000-01-01', '235cd710-c26c-4c89-bdeb-d45350b6d057', '8035aeaa-1e9d-4f31-9524-012ce3186851', 'Warner'),
	('2001-12-29', '1990-01-01', '9d179bee-c425-40af-a00e-999e82946009', '7ad4677f-aab9-4447-a82b-c6966100ac9e', 'Universal'),
	(NULL, '1998-07-01', '6a803a0f-e577-4bba-933d-3efdecccfc6f', '9a2adc2d-ee98-4117-95d1-f0174ec13754', 'Universal'),
	(NULL, '2013-01-01', '38286861-ef75-43e8-bee8-fa50a76f11dc', '624b5285-0e45-427f-b806-c9b1d61a94aa', 'Deckdisc'),
	('1994-04-05', '1990-01-01', '3e518d33-84b7-4d0d-aebb-23ccf9111bd9', '270d81d4-18d4-4655-aeb6-d1421d059f52', 'DGC'),
	(NULL, '1995-01-01', '13891abb-0e2b-46c9-911a-75ae2c2b276e', 'e62c3c9d-3411-4294-9d7c-72e1f41ac058', 'Roswell'),
	(NULL, '2013-01-01', 'd5390a62-ca46-4c8b-8303-efef331f8f23', 'e4aa8b51-18b5-490a-8df2-404e4e616a31', 'Matador'),
	('1990-01-01', '1985-01-01', '0954de9b-d588-4eca-aba0-cc037148bccc', '1b6b70f5-2de2-447e-a2cf-74981bb04bec', 'Geffen'),
	('1996-01-01', '1990-01-02', '0954de9b-d588-4eca-aba0-cc037148bccc', '83cbe7ec-fff8-46ee-99d1-0a70744fa068', 'Geffen'),
	('2008-01-01', '2000-01-01', '0954de9b-d588-4eca-aba0-cc037148bccc', '088ac3b4-8c7f-4e53-aab9-39de570180ac', 'Geffen'),
	('1992-01-01', '1982-01-01', 'e4e298ea-1dec-469a-86a4-3ded0c72d6d3', 'd189fee9-6a09-44c7-837f-e2fe397d50ed', 'WEA'),
	('1998-01-01', '1997-01-01', 'e4e298ea-1dec-469a-86a4-3ded0c72d6d3', '5663c7f1-6711-430f-962c-f1dbad625677', 'WEA'),
	('2004-01-01', '2002-01-01', '068bc181-e2e4-417e-8ac9-4aa8a30b5888', '6467ffe7-3d9a-4de2-920c-3e2f0185a448', 'Phonomotor'),
	('1996-12-31', '1996-01-01', '4b037632-9606-466a-a6af-80dfe277a2f8', '14b5e301-0114-4504-bdec-022bd3bc9b12', 'Roadrunner'),
	('1972-01-01', '1966-01-01', '7655740b-ada7-4ef3-a6b5-f715563dbb7c', '297d4dcc-2875-4039-bb1b-2b77195f0afb', 'Polydor'),
	('2023-01-01', '1991-01-01', 'c376453b-02b6-40c5-8e09-491943bc1958', 'cff246a3-9547-4e12-bd64-e201dbae1a0b', 'Sony'),
	('1998-06-23', '1983-01-01', 'dcaeed03-d04b-4f2f-ad07-b6cfa64a7dd6', '35eafa7c-9a47-4d91-950b-0f38bb2bc857', 'Chantecler'),
	('2018-01-01', '2014-01-01', '5aca755c-b3bb-41df-913f-0032f9651293', '0512e656-0c69-4817-a00d-83008d417930', 'Sony'),
	('1986-06-01', '1985-01-01', '540979b4-3520-4f4b-9091-f4b52cc145d1', '4c4abffd-a4d8-438d-a8f2-e0c628d60b79', 'BMG'),
	('1993-12-01', '1987-01-01', '540979b4-3520-4f4b-9091-f4b52cc145d1', '061a40f1-ec33-46c1-bfad-6d671f11b23b', 'BMG'),
	('2008-01-01', '2001-01-01', '540979b4-3520-4f4b-9091-f4b52cc145d1', '7e6e699c-8331-4ba7-86f2-deb084e680fb', 'Universal'),
	('2012-12-01', '2008-09-01', 'f0b31069-5bf9-4909-8eb1-cb588aa6bf20', '70e2dec8-9706-4295-b5d0-41aabd687c8a', 'Som Livre'),
	(NULL, '1986-10-01', 'f5c95d50-70e1-4a27-9677-660ee72159ba', '32e11fc6-d5f8-4111-add5-d5875fd4657a', 'BMG'),
	(NULL, '1976-01-01', '019c3043-29df-7ead-bdb8-f38263417ca8', '019c3043-29dd-7866-88bd-796b2f39dd19', 'Carreira solo');




INSERT INTO lineup_members (is_founder, is_main_artist, lineup_id, person_id) VALUES
	(true, true, 'd51fdbbb-c632-4336-8355-5e46060fae85', '68c2d584-638b-4560-8433-874288000003'),
	(true, true, '8035aeaa-1e9d-4f31-9524-012ce3186851', '68c2d584-638b-4560-8433-874288000004'),
	(true, true, '7ad4677f-aab9-4447-a82b-c6966100ac9e', '68c2d584-638b-4560-8433-874288000005'),
	(true, true, '9a2adc2d-ee98-4117-95d1-f0174ec13754', '68c2d584-638b-4560-8433-874288000006'),
	(true, true, '624b5285-0e45-427f-b806-c9b1d61a94aa', '68c2d584-638b-4560-8433-874288000007'),
	(true, true, '270d81d4-18d4-4655-aeb6-d1421d059f52', 'f1d3f0b1-612d-43fb-beea-1eae28e7409f'),
	(true, false, '270d81d4-18d4-4655-aeb6-d1421d059f52', 'e66fd66b-270c-402c-ba51-ebf3025d4d73'),
	(false, false, '270d81d4-18d4-4655-aeb6-d1421d059f52', '68c2d584-638b-4560-8433-874288000001'),
	(true, true, 'e62c3c9d-3411-4294-9d7c-72e1f41ac058', '68c2d584-638b-4560-8433-874288000001'),
	(false, false, 'e62c3c9d-3411-4294-9d7c-72e1f41ac058', '179322c3-55bd-41af-9fb8-a39873dc62a8'),
	(true, true, 'e4aa8b51-18b5-490a-8df2-404e4e616a31', 'e4ba74f9-f996-40b8-955e-6e8707db565f'),
	(true, true, '1b6b70f5-2de2-447e-a2cf-74981bb04bec', 'db772e1b-6a02-48bb-887d-3beee256825a'),
	(true, true, '1b6b70f5-2de2-447e-a2cf-74981bb04bec', '8ca0ab43-1b98-43e3-83b4-63f1aa6062df'),
	(true, false, '1b6b70f5-2de2-447e-a2cf-74981bb04bec', 'eeffdf7c-73b3-4690-8e9b-680908744714'),
	(true, true, '83cbe7ec-fff8-46ee-99d1-0a70744fa068', 'db772e1b-6a02-48bb-887d-3beee256825a'),
	(true, true, '83cbe7ec-fff8-46ee-99d1-0a70744fa068', '8ca0ab43-1b98-43e3-83b4-63f1aa6062df'),
	(false, false, '83cbe7ec-fff8-46ee-99d1-0a70744fa068', '6706219e-c75e-4b5e-bd3b-8d3200181805'),
	(true, true, '088ac3b4-8c7f-4e53-aab9-39de570180ac', 'db772e1b-6a02-48bb-887d-3beee256825a'),
	(false, false, '088ac3b4-8c7f-4e53-aab9-39de570180ac', 'a2522027-1055-4fad-8ae9-4fdf88b697b7'),
	(true, true, 'd189fee9-6a09-44c7-837f-e2fe397d50ed', '68c2d584-638b-4560-8433-874288000002'),
	(true, true, 'd189fee9-6a09-44c7-837f-e2fe397d50ed', '68c2d584-638b-4560-8433-874288000004'),
	(true, true, 'd189fee9-6a09-44c7-837f-e2fe397d50ed', '859352fa-39b0-4780-9491-280dea7db0e1'),
	(true, true, '5663c7f1-6711-430f-962c-f1dbad625677', '68c2d584-638b-4560-8433-874288000004'),
	(true, true, '5663c7f1-6711-430f-962c-f1dbad625677', '859352fa-39b0-4780-9491-280dea7db0e1'),
	(true, true, '6467ffe7-3d9a-4de2-920c-3e2f0185a448', '68c2d584-638b-4560-8433-874288000002'),
	(true, true, '6467ffe7-3d9a-4de2-920c-3e2f0185a448', 'b2352660-a859-46af-aff5-58ad58bd4348'),
	(true, true, '6467ffe7-3d9a-4de2-920c-3e2f0185a448', '846d7c25-1637-457a-96bf-a94cfa0d3516'),
	(true, true, '14b5e301-0114-4504-bdec-022bd3bc9b12', 'ed5ef17c-c067-4c55-aa2c-ae2426abd1f5'),
	(false, true, '14b5e301-0114-4504-bdec-022bd3bc9b12', '17eac014-1a1b-4e5d-b28b-dd02e7d92d49'),
	(true, true, '297d4dcc-2875-4039-bb1b-2b77195f0afb', '68c2d584-638b-4560-8433-874288000003'),
	(true, true, '297d4dcc-2875-4039-bb1b-2b77195f0afb', '97fa677e-5991-4682-8de9-61a959a34790'),
	(true, true, '297d4dcc-2875-4039-bb1b-2b77195f0afb', '5bd617ae-f22a-499d-9233-a845c225e2f9'),
	(true, true, 'cff246a3-9547-4e12-bd64-e201dbae1a0b', '8fa57430-cbb3-4a16-be69-6b9a63d8b815'),
	(true, true, '35eafa7c-9a47-4d91-950b-0f38bb2bc857', 'ad002d24-6265-4b2b-91bc-7aa29ffe9f0a'),
	(true, true, '35eafa7c-9a47-4d91-950b-0f38bb2bc857', '68c2d584-638b-4560-8433-874288000006'),
	(true, true, '0512e656-0c69-4817-a00d-83008d417930', '68c2d584-638b-4560-8433-874288000006'),
	(true, true, '0512e656-0c69-4817-a00d-83008d417930', '5c76ed4e-61d2-4df9-8f61-af803ce0ff86'),
	(true, true, '4c4abffd-a4d8-438d-a8f2-e0c628d60b79', '68c2d584-638b-4560-8433-874288000007'),
	(true, true, '4c4abffd-a4d8-438d-a8f2-e0c628d60b79', 'f8fb00e0-7d6b-4e0d-ab71-f7d564900635'),
	(true, false, '4c4abffd-a4d8-438d-a8f2-e0c628d60b79', '9c5f2454-2ff2-447a-ab4a-405fa96a4e24'),
	(true, true, '061a40f1-ec33-46c1-bfad-6d671f11b23b', '68c2d584-638b-4560-8433-874288000007'),
	(true, true, '061a40f1-ec33-46c1-bfad-6d671f11b23b', 'f8fb00e0-7d6b-4e0d-ab71-f7d564900635'),
	(false, true, '061a40f1-ec33-46c1-bfad-6d671f11b23b', 'd6f5b324-6d22-4f57-a1be-294b8580b166'),
	(true, true, '7e6e699c-8331-4ba7-86f2-deb084e680fb', '68c2d584-638b-4560-8433-874288000007'),
	(true, true, '70e2dec8-9706-4295-b5d0-41aabd687c8a', '68c2d584-638b-4560-8433-874288000007'),
	(true, true, '70e2dec8-9706-4295-b5d0-41aabd687c8a', '5f3c74b1-9a0a-4608-9796-2dbd6b53bc03'),
	(true, true, '32e11fc6-d5f8-4111-add5-d5875fd4657a', '9c5f2454-2ff2-447a-ab4a-405fa96a4e24'),
	(true, true, '019c3043-29dd-7866-88bd-796b2f39dd19', '019c303f-ef62-7dda-a950-0713fe40306c');




INSERT INTO compositions (release_date, iswc, id, title, lyrics) VALUES
	('1991-09-10', 'T-070.162.774-3', '4231af8d-0948-4916-92d4-380414aa7bfe', 'Smells Like Teen Spirit', 'Load up on guns...'),
	('1997-05-20', 'T-070.245.892-0', '096c9ffb-b05b-459c-b44c-3ffc5a4ad88c', 'Everlong', 'Hello, Ive waited here...'),
	('2013-06-03', 'T-913.334.221-8', '6414a6b5-9e2b-44f4-aeab-588a52ad859e', 'Fairweather Friends', 'Is there anyone out there?'),
	('1986-06-01', 'T-039.123.456-1', '6cda9295-df05-41a4-a17a-1a9f3c225eb0', 'Bichos Escrotos', 'Bichos, saiam dos lixos...'),
	('1996-02-20', 'T-039.555.777-9', '0646a574-793a-4e4b-989d-48b54e5b3121', 'Ratamahatta', 'Biboca, garagem, favela...'),
	('2002-11-01', 'T-040.987.654-2', '95c659f8-0d65-4bb7-bf5f-2768642987c0', 'Velha Infância', 'Você é assim, um sonho pra mim...'),
	('1970-03-01', 'T-039.777.888-1', 'be83548c-fa56-410e-a743-17f47793ad2b', 'Ando Meio Desligado', 'Ando meio desligado...'),
	('1979-01-01', 'T-041.555.444-9', 'fcf705f8-7c2a-4264-b285-1326c50f952b', 'Doce de Pimenta', 'Pimenta só nos olhos...'),
	('1987-07-21', 'T-070.076.741-9', '2252c4b2-5e56-470a-b150-5c3ffef9978a', 'Welcome to the Jungle', 'Welcome to the jungle...'),
	('1998-07-01', 'T-040.888.999-2', 'abcbe7f1-8f41-463e-90ee-5b5de66cdf74', 'Resposta', 'Bem mais que o tempo...'),
	('1994-01-01', 'T-039.555.666-7', '23312ed7-6a64-44f7-b880-2652f5fb943a', 'Malandragem', 'Quem sabe eu ainda sou uma garotinha...'),
	('2001-04-01', 'T-040.777.666-3', 'bed7b222-02f1-45c9-ba2d-66991b15073b', 'Relicário', 'É uma índia com um colar...'),
	('2004-06-01', 'T-041.222.333-4', '17f882b4-d61e-45e9-93dd-ca158132a5d9', 'Por Onde Andei', 'Desculpe, estou um pouco atrasado...'),
	('1990-01-01', 'T-039.222.111-5', '5c115f05-e86d-46bf-97ce-0c71f77272ea', 'Pense em Mim', 'Em vez de você ficar...'),
	('2018-04-01', 'T-913.777.888-2', '235fdd40-02e3-45b8-ad38-cc8dd63438a3', 'Eu Não Irei', 'Diz pra mim onde foi...'),
	('1986-01-01', 'T-039.654.321-0', '8ee378b2-d810-4f1b-9a20-9d74c5a3f193', 'Toda Forma de Poder', 'Eu presto atenção...'),
	('1992-01-01', 'T-042.111.222-4', '411a32aa-ab15-416e-a5ad-3ddea6c63a3d', 'Pose', 'Vamos passear depois...'),
	('2003-01-01', 'T-041.987.654-3', '55fb3771-8c77-4893-adba-5b9ed6a3fdc5', 'Depois de Nós', 'Hoje eu acordei mais cedo...'),
	('1982-01-01', 'T-039.123.987-5', '019c3045-56bc-7723-ad75-a1f5ba51bd44', 'Samurai', 'Ai, quanto querer, cabe em meu coração...');



INSERT INTO composition_authors (author_id, composition_id) VALUES
	('f1d3f0b1-612d-43fb-beea-1eae28e7409f', '4231af8d-0948-4916-92d4-380414aa7bfe'),
	('68c2d584-638b-4560-8433-874288000001', '4231af8d-0948-4916-92d4-380414aa7bfe'),
	('e66fd66b-270c-402c-ba51-ebf3025d4d73', '4231af8d-0948-4916-92d4-380414aa7bfe'),
	('68c2d584-638b-4560-8433-874288000001', '096c9ffb-b05b-459c-b44c-3ffc5a4ad88c'),
	('e4ba74f9-f996-40b8-955e-6e8707db565f', '6414a6b5-9e2b-44f4-aeab-588a52ad859e'),
	('68c2d584-638b-4560-8433-874288000002', '6cda9295-df05-41a4-a17a-1a9f3c225eb0'),
	('68c2d584-638b-4560-8433-874288000004', '6cda9295-df05-41a4-a17a-1a9f3c225eb0'),
	('859352fa-39b0-4780-9491-280dea7db0e1', '6cda9295-df05-41a4-a17a-1a9f3c225eb0'),
	('ed5ef17c-c067-4c55-aa2c-ae2426abd1f5', '0646a574-793a-4e4b-989d-48b54e5b3121'),
	('17eac014-1a1b-4e5d-b28b-dd02e7d92d49', '0646a574-793a-4e4b-989d-48b54e5b3121'),
	('846d7c25-1637-457a-96bf-a94cfa0d3516', '0646a574-793a-4e4b-989d-48b54e5b3121'),
	('b2352660-a859-46af-aff5-58ad58bd4348', '95c659f8-0d65-4bb7-bf5f-2768642987c0'),
	('68c2d584-638b-4560-8433-874288000002', '95c659f8-0d65-4bb7-bf5f-2768642987c0'),
	('846d7c25-1637-457a-96bf-a94cfa0d3516', '95c659f8-0d65-4bb7-bf5f-2768642987c0'),
	('68c2d584-638b-4560-8433-874288000003', 'be83548c-fa56-410e-a743-17f47793ad2b'),
	('97fa677e-5991-4682-8de9-61a959a34790', 'be83548c-fa56-410e-a743-17f47793ad2b'),
	('5bd617ae-f22a-499d-9233-a845c225e2f9', 'be83548c-fa56-410e-a743-17f47793ad2b'),
	('68c2d584-638b-4560-8433-874288000003', 'fcf705f8-7c2a-4264-b285-1326c50f952b'),
	('db772e1b-6a02-48bb-887d-3beee256825a', '2252c4b2-5e56-470a-b150-5c3ffef9978a'),
	('8ca0ab43-1b98-43e3-83b4-63f1aa6062df', '2252c4b2-5e56-470a-b150-5c3ffef9978a'),
	('68c2d584-638b-4560-8433-874288000004', 'abcbe7f1-8f41-463e-90ee-5b5de66cdf74'),
	('8fa57430-cbb3-4a16-be69-6b9a63d8b815', 'abcbe7f1-8f41-463e-90ee-5b5de66cdf74'),
	('308115b5-0e30-4de8-b586-6cf7894125a1', '23312ed7-6a64-44f7-b880-2652f5fb943a'),
	('1d171422-78ea-4355-ab51-dc3cdfe5ed97', '23312ed7-6a64-44f7-b880-2652f5fb943a'),
	('68c2d584-638b-4560-8433-874288000004', 'bed7b222-02f1-45c9-ba2d-66991b15073b'),
	('68c2d584-638b-4560-8433-874288000004', '17f882b4-d61e-45e9-93dd-ca158132a5d9'),
	('ad002d24-6265-4b2b-91bc-7aa29ffe9f0a', '5c115f05-e86d-46bf-97ce-0c71f77272ea'),
	('bfb59307-f9dd-4082-8ec0-789295daa812', '235fdd40-02e3-45b8-ad38-cc8dd63438a3'),
	('68c2d584-638b-4560-8433-874288000007', '8ee378b2-d810-4f1b-9a20-9d74c5a3f193'),
	('68c2d584-638b-4560-8433-874288000007', '411a32aa-ab15-416e-a5ad-3ddea6c63a3d'),
	('f8fb00e0-7d6b-4e0d-ab71-f7d564900635', '55fb3771-8c77-4893-adba-5b9ed6a3fdc5'),
	('019c303f-ef62-7dda-a950-0713fe40306c', '019c3045-56bc-7723-ad75-a1f5ba51bd44');


INSERT INTO albums (start_date, artist_profile_id, artist_profile_lineup_id, id, title) VALUES
	('1991-09-24', '3e518d33-84b7-4d0d-aebb-23ccf9111bd9', '270d81d4-18d4-4655-aeb6-d1421d059f52', 'bbe9389d-9f65-4164-aae2-79bb41f2cae9', 'Nevermind'),
	('1997-05-20', '13891abb-0e2b-46c9-911a-75ae2c2b276e', 'e62c3c9d-3411-4294-9d7c-72e1f41ac058', '01625a45-af5e-48d2-91ae-72a60df897c9', 'The Colour and the Shape'),
	('2013-06-03', 'd5390a62-ca46-4c8b-8303-efef331f8f23', 'e4aa8b51-18b5-490a-8df2-404e4e616a31', 'ea30c4de-9ec0-411d-82a8-e2329574b55f', '...Like Clockwork'),
	('1986-06-25', 'e4e298ea-1dec-469a-86a4-3ded0c72d6d3', 'd189fee9-6a09-44c7-837f-e2fe397d50ed', 'fb95219e-db42-4c57-92aa-dd7e91d2425a', 'Cabeça Dinossauro'),
	('1996-02-20', '4b037632-9606-466a-a6af-80dfe277a2f8', '14b5e301-0114-4504-bdec-022bd3bc9b12', '4318041b-b84e-4f30-a847-038fb3ae125f', 'Roots'),
	('2002-11-30', '068bc181-e2e4-417e-8ac9-4aa8a30b5888', '6467ffe7-3d9a-4de2-920c-3e2f0185a448', 'fd6b00a3-d839-4a0e-beb4-2858d71ab5fd', 'Tribalistas'),
	('1970-03-01', '7655740b-ada7-4ef3-a6b5-f715563dbb7c', '297d4dcc-2875-4039-bb1b-2b77195f0afb', '3501f1dd-4f81-4439-821e-d5732fe2477a', 'A Divina Comédia'),
	('1975-06-01', 'eedadb2c-f70b-4dfe-beaa-36a779101b55', 'd51fdbbb-c632-4336-8355-5e46060fae85', 'd29cc155-07e2-46b8-8746-6dd1e7dbeda5', 'Fruto Proibido'),
	('1987-07-21', '0954de9b-d588-4eca-aba0-cc037148bccc', '1b6b70f5-2de2-447e-a2cf-74981bb04bec', 'e5b39cf9-c30b-46b8-a444-80b86d8c0951', 'Appetite for Destruction'),
	('1998-07-15', 'c376453b-02b6-40c5-8e09-491943bc1958', 'cff246a3-9547-4e12-bd64-e201dbae1a0b', '28a593ff-91eb-4d33-b3a3-8f75d8e51afe', 'Siderado'),
	('1994-01-01', '9d179bee-c425-40af-a00e-999e82946009', '7ad4677f-aab9-4447-a82b-c6966100ac9e', 'c919433f-7ea2-4566-a0db-f0b5d940a499', 'Cássia Eller'),
	('2001-04-25', '9d179bee-c425-40af-a00e-999e82946009', '7ad4677f-aab9-4447-a82b-c6966100ac9e', 'cec811d0-b0f4-43c5-839a-3f5ba31476b5', 'Acústico MTV'),
	('2000-06-12', '235cd710-c26c-4c89-bdeb-d45350b6d057', '8035aeaa-1e9d-4f31-9524-012ce3186851', 'b390307b-5d3f-46e5-a854-2ff95f2f3783', 'Infernal'),
	('1990-01-01', 'dcaeed03-d04b-4f2f-ad07-b6cfa64a7dd6', '35eafa7c-9a47-4d91-950b-0f38bb2bc857', '81751b8a-b09f-4106-91e9-af1cc533d0cc', 'Leandro & Leonardo Vol 4'),
	('2018-04-15', '6a803a0f-e577-4bba-933d-3efdecccfc6f', '9a2adc2d-ee98-4117-95d1-f0174ec13754', '65156d20-4bb9-41ba-863d-13a6859e1e6f', 'Canto, Bebo e Choro'),
	('1986-10-01', '540979b4-3520-4f4b-9091-f4b52cc145d1', '4c4abffd-a4d8-438d-a8f2-e0c628d60b79', 'bbb117a4-9e91-48e7-b9bf-2b8052d9aef4', 'Longe Demais das Capitais'),
	('2004-11-01', '540979b4-3520-4f4b-9091-f4b52cc145d1', '7e6e699c-8331-4ba7-86f2-deb084e680fb', '887672ee-99ff-490c-af95-ae304108f032', 'Acústico MTV EngHaw'),
	('1982-08-01', '019c3043-29df-7ead-bdb8-f38263417ca8', '019c3043-29dd-7866-88bd-796b2f39dd19', '019c304d-7f1e-774b-9277-c1979a0703ac', 'Luz');



INSERT INTO album_images (extension, album_id, type, identifier) VALUES
	('.png', 'bbe9389d-9f65-4164-aae2-79bb41f2cae9', 'COVER', 'albums/019c2ef9-311e-7ad5-8611-8d0693360e99.png'),
	('.png', '01625a45-af5e-48d2-91ae-72a60df897c9', 'COVER', 'albums/019c2ef9-311e-7ad5-8611-8d0693360e99.png'),
	('.png', 'ea30c4de-9ec0-411d-82a8-e2329574b55f', 'COVER', 'albums/019c2ef9-311e-7ad5-8611-8d0693360e99.png'),
	('.png', 'fb95219e-db42-4c57-92aa-dd7e91d2425a', 'COVER', 'albums/019c2ef9-311e-7ad5-8611-8d0693360e99.png'),
	('.png', '4318041b-b84e-4f30-a847-038fb3ae125f', 'COVER', 'albums/019c2ef9-311e-7ad5-8611-8d0693360e99.png'),
	('.png', 'fd6b00a3-d839-4a0e-beb4-2858d71ab5fd', 'COVER', 'albums/019c2ef9-311e-7ad5-8611-8d0693360e99.png'),
	('.png', '3501f1dd-4f81-4439-821e-d5732fe2477a', 'COVER', 'albums/019c2ef9-311e-7ad5-8611-8d0693360e99.png'),
	('.png', 'd29cc155-07e2-46b8-8746-6dd1e7dbeda5', 'COVER', 'albums/019c2ef9-311e-7ad5-8611-8d0693360e99.png'),
	('.png', 'e5b39cf9-c30b-46b8-a444-80b86d8c0951', 'COVER', 'albums/019c2ef9-311e-7ad5-8611-8d0693360e99.png'),
	('.png', '28a593ff-91eb-4d33-b3a3-8f75d8e51afe', 'COVER', 'albums/019c2ef9-311e-7ad5-8611-8d0693360e99.png'),
	('.png', 'c919433f-7ea2-4566-a0db-f0b5d940a499', 'COVER', 'albums/019c2ef9-311e-7ad5-8611-8d0693360e99.png'),
	('.png', 'cec811d0-b0f4-43c5-839a-3f5ba31476b5', 'COVER', 'albums/019c2ef9-311e-7ad5-8611-8d0693360e99.png'),
	('.png', 'b390307b-5d3f-46e5-a854-2ff95f2f3783', 'COVER', 'albums/019c2ef9-311e-7ad5-8611-8d0693360e99.png'),
	('.png', '81751b8a-b09f-4106-91e9-af1cc533d0cc', 'COVER', 'albums/019c2ef9-311e-7ad5-8611-8d0693360e99.png'),
	('.png', '65156d20-4bb9-41ba-863d-13a6859e1e6f', 'COVER', 'albums/019c2ef9-311e-7ad5-8611-8d0693360e99.png'),
	('.png', 'bbb117a4-9e91-48e7-b9bf-2b8052d9aef4', 'COVER', 'albums/019c2ef9-311e-7ad5-8611-8d0693360e99.png'),
	('.png', '887672ee-99ff-490c-af95-ae304108f032', 'COVER', 'albums/019c2ef9-311e-7ad5-8611-8d0693360e99.png');



INSERT INTO album_tracks (disc_number, track_number, duration, isrc, album_id, composition_id, id, title) VALUES
	(1, 1, '00:05:01', 'US-GF1-91-00123', 'bbe9389d-9f65-4164-aae2-79bb41f2cae9', '4231af8d-0948-4916-92d4-380414aa7bfe', '79b64704-8e7b-487e-b1bf-418626243af5', 'Smells Like Teen Spirit'),
	(1, 11, '00:04:10', 'US-RC1-97-00234', '01625a45-af5e-48d2-91ae-72a60df897c9', '096c9ffb-b05b-459c-b44c-3ffc5a4ad88c', 'e8d98b42-0112-4da3-857f-e03a9c0e0284', 'Everlong'),
	(1, 4, '00:03:40', 'US-MT1-13-00567', 'ea30c4de-9ec0-411d-82a8-e2329574b55f', '6414a6b5-9e2b-44f4-aeab-588a52ad859e', 'b5e3a06e-87c6-45f0-a955-233458731fd5', 'Fairweather Friends'),
	(1, 10, '00:03:14', 'BR-WEA-86-00010', 'fb95219e-db42-4c57-92aa-dd7e91d2425a', '6cda9295-df05-41a4-a17a-1a9f3c225eb0', '1ba87c03-c482-41a1-ad80-4e32fe2b490c', 'Bichos Escrotos'),
	(1, 2, '00:04:30', 'BR-RR1-96-00002', '4318041b-b84e-4f30-a847-038fb3ae125f', '0646a574-793a-4e4b-989d-48b54e5b3121', '9bc79dce-e0a0-40b1-9720-fa2d65c41159', 'Ratamahatta'),
	(1, 2, '00:04:08', 'BR-PM1-02-00002', 'fd6b00a3-d839-4a0e-beb4-2858d71ab5fd', '95c659f8-0d65-4bb7-bf5f-2768642987c0', '25236041-fe2c-4bb6-bf92-649916f52b01', 'Velha Infância'),
	(1, 1, '00:04:47', 'BR-PO1-70-00001', '3501f1dd-4f81-4439-821e-d5732fe2477a', 'be83548c-fa56-410e-a743-17f47793ad2b', 'b889bedf-159f-4854-bf83-d6ce8a680ee4', 'Ando Meio Desligado'),
	(1, 10, '00:04:00', 'BR-SL1-75-00010', 'd29cc155-07e2-46b8-8746-6dd1e7dbeda5', 'fcf705f8-7c2a-4264-b285-1326c50f952b', '95c98c5c-e7bd-4c04-890b-b16e10fa560a', 'Doce de Pimenta'),
	(1, 1, '00:04:34', 'US-GF1-87-00001', 'e5b39cf9-c30b-46b8-a444-80b86d8c0951', '2252c4b2-5e56-470a-b150-5c3ffef9978a', '61fd8956-9947-42fe-b85a-ee33ef60b7f5', 'Welcome to the Jungle'),
	(1, 3, '00:04:02', 'BR-SME-98-00003', '28a593ff-91eb-4d33-b3a3-8f75d8e51afe', 'abcbe7f1-8f41-463e-90ee-5b5de66cdf74', '9702826a-5a53-4137-a59d-43d6ae2f5a05', 'Resposta'),
	(1, 3, '00:04:10', 'BR-UNI-94-00003', 'c919433f-7ea2-4566-a0db-f0b5d940a499', '23312ed7-6a64-44f7-b880-2652f5fb943a', '563ce4b4-f421-443d-8f3a-3a9aac850004', 'Malandragem'),
	(1, 8, '00:03:55', 'BR-UNI-01-00008', 'cec811d0-b0f4-43c5-839a-3f5ba31476b5', 'bed7b222-02f1-45c9-ba2d-66991b15073b', '2f252116-79da-4875-93dd-0fc941ccf19e', 'Relicário'),
	(1, 2, '00:04:15', 'BR-WMI-04-00002', 'b390307b-5d3f-46e5-a854-2ff95f2f3783', '17f882b4-d61e-45e9-93dd-ca158132a5d9', '15d59d30-f4b2-4ecf-b932-23cf104f4366', 'Por Onde Andei'),
	(1, 1, '00:03:18', 'BR-CH1-90-00123', '81751b8a-b09f-4106-91e9-af1cc533d0cc', '5c115f05-e86d-46bf-97ce-0c71f77272ea', '23263bcd-4b88-4b0d-9172-330405d3732c', 'Pense em Mim'),
	(1, 3, '00:03:30', 'BR-UM1-18-00222', '65156d20-4bb9-41ba-863d-13a6859e1e6f', '235fdd40-02e3-45b8-ad38-cc8dd63438a3', 'cdb42a09-9c9b-43cb-b89a-44415a1239e8', 'Eu Não Irei'),
	(1, 1, '00:03:15', 'BR-BMG-86-00001', 'bbb117a4-9e91-48e7-b9bf-2b8052d9aef4', '8ee378b2-d810-4f1b-9a20-9d74c5a3f193', '75767a00-db91-4879-8370-3ff022db688d', 'Toda Forma de Poder'),
	(1, 10, '00:03:50', 'BR-UNI-04-00010', '887672ee-99ff-490c-af95-ae304108f032', '411a32aa-ab15-416e-a5ad-3ddea6c63a3d', '85ea0e47-454e-44b0-b7f8-691fa4144059', 'Pose'),
	(1, 17, '00:04:10', 'BR-UNI-04-00017', '887672ee-99ff-490c-af95-ae304108f032', '55fb3771-8c77-4893-adba-5b9ed6a3fdc5', '5cc604cd-742c-46cd-8c0e-e66cb9407658', 'Depois de Nós'),
	(1, 3, '00:04:48', 'BR-SME-82-00003', '019c304d-7f1e-774b-9277-c1979a0703ac', '019c3045-56bc-7723-ad75-a1f5ba51bd44', '019c304d-7f1d-7945-a6a4-b3afb4d0d627', 'Samurai');



INSERT INTO album_track_guests (display_order, person_id, track_id, credit_name) VALUES
	(1, 'd6a8c688-ae24-42b4-a7ac-22de367ceb7c', 'b5e3a06e-87c6-45f0-a955-233458731fd5', 'Sir Elton John'),
	(1, '846d7c25-1637-457a-96bf-a94cfa0d3516', '9bc79dce-e0a0-40b1-9720-fa2d65c41159', 'Carlinhos Brown'),
	(1, '4e272441-c92b-43ef-a03c-58c9084f2e28', '95c98c5c-e7bd-4c04-890b-b16e10fa560a', 'Elis Regina'),
	(1, '68c2d584-638b-4560-8433-874288000004', '2f252116-79da-4875-93dd-0fc941ccf19e', 'Nando Reis'),
	(1, 'bfb59307-f9dd-4082-8ec0-789295daa812', 'cdb42a09-9c9b-43cb-b89a-44415a1239e8', 'Gusttavo Lima'),
	(1, '0000d145-e41c-4a27-9a5b-da85308e45a1', '85ea0e47-454e-44b0-b7f8-691fa4144059', 'Clara Gessinger'),
	(1, 'f8fb00e0-7d6b-4e0d-ab71-f7d564900635', '5cc604cd-742c-46cd-8c0e-e66cb9407658', 'Carlos Maltz');

